{"schemaVersion":"1.0","appDefinitionTemplate":{"id":"/providers/Microsoft.PowerApps/apps/","type":"Microsoft.PowerApps/apps","tags":{"primaryDeviceWidth":"1136","primaryDeviceHeight":"640","supportsPortrait":"true","supportsLandscape":"true","primaryFormFactor":"Phone","showStatusBar":"true","publisherVersion":"3.23102.20","minimumRequiredApiVersion":"2.2.0","hasComponent":"false","hasUnlockedComponent":"false","isUnifiedRootApp":"false","sienaVersion":"20231027T043125Z-3.23102.20.0"},"properties":{"appVersion":"2023-10-27T04:31:25Z","lifeCycleId":"Published","createdByClientVersion":{"major":3,"minor":23102,"build":20,"revision":0,"majorRevision":0,"minorRevision":0},"minClientVersion":{"major":3,"minor":23102,"build":20,"revision":0,"majorRevision":0,"minorRevision":0},"backgroundColor":"RGBA(0,176,240,1)","backgroundImageUri":"/2613062160440592317/N0be66539-51a3-40fb-a17f-78e57c036429-logoSmallFile","displayName":"MOOWR","description":"","commitMessage":"","appUris":{"documentUri":{"value":"/2613062160440592317/N29ca5caa-a475-46c3-9118-66f47af5d342-document.msapp"},"imageUris":[],"additionalUris":[]},"createdTime":"0001-01-01T00:00:00Z","lastModifiedTime":"0001-01-01T00:00:00Z","sharedGroupsCount":0,"sharedUsersCount":0,"connectionReferences":{"5454d7e2-8bb4-48a7-a8de-1117356b4152":{"id":"0efa6bb9-b00d-47bf-8eb5-954d85fe78d2","displayName":"SharePoint","iconUri":"https://connectoricons-prod.azureedge.net/releases/v1.0.1656/1.0.1656.3432/sharepointonline/icon.png","dataSources":["Data Table6","Data Table2","DataTable1","Data Table3","Data Table4","Data Table7","Data Table5"],"dependencies":[],"dependents":[],"parameterHints":{},"parameterHintsV2":{},"isOnPremiseConnection":false,"bypassConsent":false,"dataSets":{"https://tdsgj.sharepoint.com/sites/test_site1":{"dataSources":{"Data Table6":{"tableName":"9038ab1b-20ab-43de-bd14-95428ccf2a22"}}}},"apiTier":"Standard","isCustomApiConnection":false,"actions":["providers/PowerPlatform.Governance/Operations/Read","providers/PowerPlatform.Governance/Operations/Write","providers/PowerPlatform.Governance/Operations/Delete"]},"101e3474-5fbe-4ef2-9984-9a5a86ce6254":{"id":"0efa6bb9-b00d-47bf-8eb5-954d85fe78d2","displayName":"SharePoint","iconUri":"https://connectoricons-prod.azureedge.net/releases/v1.0.1656/1.0.1656.3432/sharepointonline/icon.png","dataSources":["Data Table2","Data Table3","Data Table7"],"dependencies":[],"dependents":[],"parameterHints":{},"parameterHintsV2":{},"isOnPremiseConnection":false,"bypassConsent":false,"dataSets":{"https://tdsgj.sharepoint.com/sites/test_site1":{"dataSources":{"Data Table2":{"tableName":"6b5091e1-26a6-4ccd-96fc-0e694fc1c7e4"},"Data Table3":{"tableName":"c220bc94-a54b-48ec-a417-0a26fc68ef3e"},"Data Table7":{"tableName":"c1b613ea-b536-414f-b0c0-011a0c208371"}}}},"apiTier":"Standard","isCustomApiConnection":false,"actions":["providers/PowerPlatform.Governance/Operations/Read","providers/PowerPlatform.Governance/Operations/Write","providers/PowerPlatform.Governance/Operations/Delete"]},"d5ab61e1-2e1d-4a8b-9384-0989acb8f3db":{"id":"0efa6bb9-b00d-47bf-8eb5-954d85fe78d2","displayName":"SharePoint","iconUri":"https://connectoricons-prod.azureedge.net/releases/v1.0.1656/1.0.1656.3432/sharepointonline/icon.png","dataSources":["Data Table5"],"dependencies":[],"dependents":[],"parameterHints":{},"parameterHintsV2":{},"isOnPremiseConnection":false,"bypassConsent":false,"dataSets":{"https://tdsgj.sharepoint.com/sites/test_site1":{"dataSources":{"Data Table5":{"tableName":"d2683525-c005-493c-8e4d-f7f877f13c63"}}}},"apiTier":"Standard","isCustomApiConnection":false,"actions":["providers/PowerPlatform.Governance/Operations/Read","providers/PowerPlatform.Governance/Operations/Write","providers/PowerPlatform.Governance/Operations/Delete"]},"bd8de1f6-5388-44e5-b216-b0e40a8c53b4":{"id":"0efa6bb9-b00d-47bf-8eb5-954d85fe78d2","displayName":"SharePoint","iconUri":"https://connectoricons-prod.azureedge.net/releases/v1.0.1656/1.0.1656.3432/sharepointonline/icon.png","dataSources":["DataTable1","Data Table8","Data Table4"],"dependencies":[],"dependents":[],"parameterHints":{},"parameterHintsV2":{},"isOnPremiseConnection":false,"bypassConsent":false,"dataSets":{"https://tdsgj.sharepoint.com/sites/test_site1":{"dataSources":{"DataTable1":{"tableName":"f2d0bfc4-caf5-4b7e-9e5b-90657db5fc2b"},"Data Table8":{"tableName":"1e7a0078-b841-4e48-a98c-eaa6ca7de554"},"Data Table4":{"tableName":"8eb9b0e0-3486-4904-91eb-f9f3876bc3ac"}}}},"apiTier":"Standard","isCustomApiConnection":false,"actions":["providers/PowerPlatform.Governance/Operations/Read","providers/PowerPlatform.Governance/Operations/Write","providers/PowerPlatform.Governance/Operations/Delete"]}},"databaseReferences":{},"almMode":"Environment","performanceOptimizationEnabled":true,"canConsumeAppPass":true,"enableModernRuntimeMode":false,"executionRestrictions":{"isTeamsOnly":false,"dataLossPreventionEvaluationResult":{"status":"Compliant","lastEvaluationDate":"2023-08-12T03:40:06.2908235Z","violations":[],"violationsByPolicy":[],"violationErrorMessage":"The app uses the following connectors: shared_sharepointonline."}}},"appType":"ClassicCanvasApp","appComponents":[]}}